buzon_afectado,remitente,virus,n_correos,primera_deteccion,ultima_deteccion,dispositivo
adan.ramirez@uwipes.com,ventasaux05@zmmzjy.com,XML/FormBook.TOJIG!tr,15,2026-07-17,2026-07-18,MegaFactory
almacen.mantenimiento@uwipes.com,correodeclan@commuteplanner.org,MSOffice/FormBook.NHQFD!tr,10,2026-07-17,2026-07-22,MegaFactory
alvaro.gutierrez@uwipes.com,leonardo42@eayotel.org,VBS/Agent.QCG!tr,6,2026-07-17,2026-07-21,MegaFactory
atencion@mipacifica.com,auxiliar.compras@medikercpm.com,W64/Kryptik.FIC!tr,2,2026-07-20,2026-07-22,MegaFactory
atencion@mipacifica.com,compras.nacionales@icat.unam.mx,MSIL/Formbook.ALLB!tr,3,2026-07-22,2026-07-22,MegaFactory
atencion@mipacifica.com,compras2@magnoacero.com,W32/Injector.ETYK!tr,2,2026-07-22,2026-07-22,MegaFactory
atencion@mipacifica.com,doncaballeroch@hotmail.es,MSIL/Kryptik.APAQ!tr,2,2026-07-20,2026-07-22,MegaFactory
atencion@mipacifica.com,facturacion@palomacarmin.com.mx,MSIL/Agent.LYC!tr,2,2026-07-20,2026-07-22,MegaFactory
atencion@mipacifica.com,hope@glamsio.com,JS/Agent.UNU!tr,4,2026-07-20,2026-07-22,MegaFactory
atencion@mipacifica.com,mkt@colsislatam.com,W32/Injector.ETYK!tr,2,2026-07-22,2026-07-22,MegaFactory
atencion@mipacifica.com,postmaster@send.telasdiyon.com,MSIL/Formbook.DXN!tr,2,2026-07-20,2026-07-22,MegaFactory
atencion@mipacifica.com,procurement@alcavil.com.mx,MSIL/Kryptik.AORR!tr,2,2026-07-20,2026-07-22,MegaFactory
atencion@mipacifica.com,projects@aaprojectinvest.com,MSExcel/CVE_2017_0199.G1!exploit,2,2026-07-22,2026-07-22,MegaFactory
atencion@mipacifica.com,sales@a5-ssh.asia,MSExcel/CVE_2017_0199.G1!exploit,2,2026-07-22,2026-07-22,MegaFactory
atencion@mipacifica.com,sarai.manuel@vertiche.com.mx,MSIL/Formbook.DXN!tr,2,2026-07-20,2026-07-22,MegaFactory
atencion@mipacifica.com,ventas@biofertilizantes.mx,W32/Agent.RVT!tr,2,2026-07-20,2026-07-22,MegaFactory
atencion@mipacifica.com,wangzhipeng3@sinotrans.com,MSExcel/CVE_2017_0199.G1!exploit,2,2026-07-22,2026-07-22,MegaFactory
atencion@mipacifica.com,Alonso.Rodriguez@newellco.com,MSIL/Kryptik.NCP!tr,2,2026-07-22,2026-07-22,MegaFactory
atencion@mipacifica.com,accounting@mpcmaquinados.com,MSIL/Agent.E688!tr,2,2026-07-22,2026-07-22,MegaFactory
brenda.gonzalez@uwipes.com,ventasaux05@zmmzjy.com,W32/EUJ!tr,8,2026-07-21,2026-07-23,MegaFactory
gibran.rodriguez@uwipes.com,mail13330@mail13.ntfisca.com,PDF/Phishing.SPA!tr,15,2026-07-17,2026-07-21,MegaFactory
gibran.rodriguez@uwipes.com,mail21472@mail21.notifiae.com,PDF/Phishing.SPA!tr,7,2026-07-20,2026-07-21,MegaFactory
jorge.valdespino@uwipes.com,mail10226@mail10.notifiae.com,PDF/Phishing.SPA!tr,75,2026-07-20,2026-07-22,MegaFactory
juan.paredes@uwipes.com,correoaux@pioneeriobox.org,JS/Formbook.ADXY!tr.dldr,14,2026-07-21,2026-07-22,morelos
juan.paredes@uwipes.com,adonis45@chenhaipeng.com,XML/FormBook.TOJIG!tr,5,2026-07-17,2026-07-21,morelos
juan.paredes@uwipes.com,flora@labmate.biz,JS/Formbook.PS1D!tr,5,2026-07-17,2026-07-21,morelos
juan.romero@uwipes.com,allisonWu2@tyg.com.tw,JS/Agent.AEQQ!tr,5,2026-07-20,2026-07-20,MegaFactory
juan.romero@uwipes.com,josuefrancisco.sanchez6@bbva.com,JS/Agent.AEQQ!tr,4,2026-07-20,2026-07-20,MegaFactory
lizbeth.iniguez@uwipes.com,cometstaerio@zmmzjy.com,XML/FormBook.TOJIG!tr,1,2026-07-18,2026-07-18,telas
lizbeth.iniguez@uwipes.com,susiechorotorress@outlook.com,MSExcel/CVE_2017_0199.G1!exploit,2,2026-07-17,2026-07-18,"MegaFactory, telas"
lorena.hernandez@uwipes.com,jantelio45@faciemtel.org,NSIS/Injector.YWYX!tr,90,2026-07-17,2026-07-23,morelos
lorena.hernandez@uwipes.com,jantelio45@faciemtel.org,W32/PossibleThreat,90,2026-07-17,2026-07-23,morelos
lorena.hernandez@uwipes.com,salvatore36@chenhaipeng.com,JS/Formbook.PS1D!tr,41,2026-07-21,2026-07-23,morelos
lorena.hernandez@uwipes.com,contacto@tractiesa.mx,MSIL/Kryptik.AQHF!tr,97,2026-07-17,2026-07-23,morelos
lorena.hernandez@uwipes.com,contacto@tractiesa.mx,MSIL/ABTrojan.MSOQ!tr,97,2026-07-17,2026-07-23,morelos
lorena.hernandez@uwipes.com,contacto@tractiesa.mx,MSIL/FormBook.GNHT!tr,8,2026-07-17,2026-07-20,morelos
lorena.hernandez@uwipes.com,ventasaux05@zmmzjy.com,XML/FormBook.TOJIG!tr,8,2026-07-17,2026-07-20,morelos
miguel.davila@mipacifica.com,contract4@ceenion.com,MSExcel/CVE_2017_0199.G1!exploit,20,2026-07-22,2026-07-22,MegaFactory
undisclosed-recipients:;,purchase@juziclass.com,W64/GenKryptik.HSOE!tr,2,2026-07-22,2026-07-22,MegaFactory
undisclosed-recipients:;,purchase@naszprawnik.com,MSExcel/CVE_2017_0199.G1!exploit,2,2026-07-22,2026-07-22,MegaFactory
undisclosed-recipients:;,purchase@tzdami.com,MSExcel/CVE_2017_0199.G1!exploit,2,2026-07-22,2026-07-22,MegaFactory
vanessa.castellanos@uwipes.com,ventasaux05@zmmzjy.com,XML/FormBook.TOJIG!tr,38,2026-07-17,2026-07-22,MegaFactory
